source_id,source_url,prefecture,municipality,address,asking_price_jpy,property_type,building_sqm,land_sqm,features,retrieved_at
hirosaki_area_bank,https://www.city.hirosaki.aomori.jp/akiyabank-8/hirosaki/akiya.html,Aomori,Hirosaki,元寺町小路17-5,19800000,Residential / sale,161.47,321.02,,
hirosaki_area_bank,https://www.city.hirosaki.aomori.jp/akiyabank-8/hirosaki/akiya.html,Aomori,Hirosaki,千年1-29-14、3、15,5000000,Residential / sale,87.75,165.60,,
hirosaki_area_bank,https://www.city.hirosaki.aomori.jp/akiyabank-8/hirosaki/akiya.html,Aomori,Hirosaki,松原東4-1-43,12800000,Residential / sale,113.40,248.03,,
hirosaki_area_bank,https://www.city.hirosaki.aomori.jp/akiyabank-8/hirosaki/akiya.html,Aomori,Hirosaki,桶屋町114-1,1200000,Residential / sale,40.09,66.63,,
hirosaki_area_bank,https://www.city.hirosaki.aomori.jp/akiyabank-8/hirosaki/akiya.html,Aomori,Hirosaki,中野5-21-4,13500000,Residential / sale,185.25,240.28,,
hirosaki_area_bank,https://www.city.hirosaki.aomori.jp/akiyabank-8/hirosaki/akiya.html,Aomori,Hirosaki,桔梗野4-3-3,35000000,Residential / sale,181.69,1134.22,,
hirosaki_area_bank,https://www.city.hirosaki.aomori.jp/akiyabank-8/hirosaki/akiya.html,Aomori,Hirosaki,安原2-6-7,8500000,Residential / sale,112.61,192.03,,
hirosaki_area_bank,https://www.city.hirosaki.aomori.jp/akiyabank-8/hirosaki/akiya.html,Aomori,Hirosaki,富田,15040000,Residential / sale,187.24,414.46,,
hirosaki_area_bank,https://www.city.hirosaki.aomori.jp/akiyabank-8/hirosaki/akiya.html,Aomori,Hirosaki,石川字石川98-1、98-6☆,4000000,Residential / sale,162.8,693.46,,
hirosaki_area_bank,https://www.city.hirosaki.aomori.jp/akiyabank-8/hirosaki/akiya.html,Aomori,Hirosaki,中野1-8-18☆,13900000,Residential / sale,118.68,365.25,,
hirosaki_area_bank,https://www.city.hirosaki.aomori.jp/akiyabank-8/hirosaki/akiya.html,Aomori,Hirosaki,桔梗野5-15-17☆,4200000,Residential / sale,87.60,166.13,,
hirosaki_area_bank,https://www.city.hirosaki.aomori.jp/akiyabank-8/hirosaki/akiya.html,Aomori,Hirosaki,栄町4-4-3,7800000,Residential / sale,152.30,202.80,,
hirosaki_area_bank,https://www.city.hirosaki.aomori.jp/akiyabank-8/hirosaki/akiya.html,Aomori,Hirosaki,紙漉町10-1、10-2、10-3☆,3400000,Residential / sale,103.56,170.17,,
hirosaki_area_bank,https://www.city.hirosaki.aomori.jp/akiyabank-8/hirosaki/akiya.html,Aomori,Hirosaki,袋町30-1☆,15200000,Residential / sale,245.85,590.41,,
hirosaki_area_bank,https://www.city.hirosaki.aomori.jp/akiyabank-8/hirosaki/akiya.html,Aomori,Hirosaki,南富田町7-24、5-27,2900000,Residential / sale,101.87,174.58,,
hirosaki_area_bank,https://www.city.hirosaki.aomori.jp/akiyabank-8/hirosaki/akiya.html,Aomori,Hirosaki,城南,6000000,Residential / sale,119.0,165.82,,
hirosaki_area_bank,https://www.city.hirosaki.aomori.jp/akiyabank-8/hirosaki/akiya.html,Aomori,Hirosaki,石渡3-3-50、3-32、19-4,9800000,Residential / sale,150.71,294.12,,
hirosaki_area_bank,https://www.city.hirosaki.aomori.jp/akiyabank-8/hirosaki/akiya.html,Aomori,Hirosaki,俵元1-4-9、15,15800000,Residential / sale,117.19,167.04,,
hirosaki_area_bank,https://www.city.hirosaki.aomori.jp/akiyabank-8/hirosaki/akiya.html,Aomori,Hirosaki,城西3-8-7,7200000,Residential / sale,110.93,218.73,,
hirosaki_area_bank,https://www.city.hirosaki.aomori.jp/akiyabank-8/hirosaki/akiya.html,Aomori,Hirosaki,浜の町東,9000000,Residential / sale,,285.32,,
hirosaki_area_bank,https://www.city.hirosaki.aomori.jp/akiyabank-8/hirosaki/akiya.html,Aomori,Hirosaki,桔梗野1-20-10☆,2800000,Residential / sale,92.67,137.83,,
hirosaki_area_bank,https://www.city.hirosaki.aomori.jp/akiyabank-8/hirosaki/akiya.html,Aomori,Hirosaki,稲田2-10-12☆,12670000,Residential / sale,63.18,246.56,,
hirosaki_area_bank,https://www.city.hirosaki.aomori.jp/akiyabank-8/hirosaki/akiya.html,Aomori,Hirosaki,石渡,6000000,Residential / sale,135.0,297.56,,
hirosaki_area_bank,https://www.city.hirosaki.aomori.jp/akiyabank-8/hirosaki/akiya.html,Aomori,Hirosaki,小栗山字小松ケ沢175-1,6800000,Residential / sale,163.37,1243.23,,
hirosaki_area_bank,https://www.city.hirosaki.aomori.jp/akiyabank-8/hirosaki/akiya.html,Aomori,Hirosaki,桔梗野,1500000,Residential / sale,103.45,57.96,,
hirosaki_area_bank,https://www.city.hirosaki.aomori.jp/akiyabank-8/hirosaki/akiya.html,Aomori,Hirosaki,城西5-3-2☆,8600000,Residential / sale,145.73,234.96,,
hirosaki_area_bank,https://www.city.hirosaki.aomori.jp/akiyabank-8/hirosaki/akiya.html,Aomori,Hirosaki,中野2-15-11、15-18,2800000,Residential / sale,145.8,298.14,,
hirosaki_area_bank,https://www.city.hirosaki.aomori.jp/akiyabank-8/hirosaki/akiya.html,Aomori,Hirosaki,桜ケ丘1-2-2☆,5000000,Residential / sale,137.20,291.35,,
hirosaki_area_bank,https://www.city.hirosaki.aomori.jp/akiyabank-8/hirosaki/akiya.html,Aomori,Hirosaki,南富田町9-3☆,17000000,Residential / sale,207.91,432.74,,
hirosaki_area_bank,https://www.city.hirosaki.aomori.jp/akiyabank-8/hirosaki/akiya.html,Aomori,Hirosaki,高屋,9300000,Residential / sale,113.80,633.06,,
hirosaki_area_bank,https://www.city.hirosaki.aomori.jp/akiyabank-8/hirosaki/akiya.html,Aomori,Hirosaki,河原町59-1☆,16000000,Residential / sale,142.44,726.47,,
hirosaki_area_bank,https://www.city.hirosaki.aomori.jp/akiyabank-8/hirosaki/akiya.html,Aomori,Hirosaki,山崎1-5-6☆,5100000,Residential / sale,93.16,248.04,,
hirosaki_area_bank,https://www.city.hirosaki.aomori.jp/akiyabank-8/hirosaki/akiya.html,Aomori,Hirosaki,松原東5-3-16,8500000,Residential / sale,294.64,337.28,,
hirosaki_area_bank,https://www.city.hirosaki.aomori.jp/akiyabank-8/hirosaki/akiya.html,Aomori,Hirosaki,田園,19800000,Residential / sale,127.68,264.63,,
hirosaki_area_bank,https://www.city.hirosaki.aomori.jp/akiyabank-8/hirosaki/akiya.html,Aomori,Hirosaki,南大町,14000000,Residential / sale,237.73,264.47,,
hirosaki_area_bank,https://www.city.hirosaki.aomori.jp/akiyabank-8/hirosaki/akiya.html,Aomori,Hirosaki,富士見町,9210000,Residential / sale,157.33,230.72,,
hirosaki_area_bank,https://www.city.hirosaki.aomori.jp/akiyabank-8/hirosaki/akiya.html,Aomori,Hirosaki,西茂森1-1-20,3900000,Residential / sale,47.10,105.19,,
hirosaki_area_bank,https://www.city.hirosaki.aomori.jp/akiyabank-8/hirosaki/akiya.html,Aomori,Hirosaki,館野1-9-9,3000000,Residential / sale,115.93,213.53,,
hirosaki_area_bank,https://www.city.hirosaki.aomori.jp/akiyabank-8/hirosaki/akiya.html,Aomori,Hirosaki,田園4-12-6,15800000,Residential / sale,102.45,271.22,,
hirosaki_area_bank,https://www.city.hirosaki.aomori.jp/akiyabank-8/hirosaki/akiya.html,Aomori,Hirosaki,広野,7500000,Residential / sale,145.80,262.63,,
hirosaki_area_bank,https://www.city.hirosaki.aomori.jp/akiyabank-8/hirosaki/akiya.html,Aomori,Hirosaki,糠坪字桜山112-2☆,3200000,Residential / sale,142.37,1042.18,,
hirosaki_area_bank,https://www.city.hirosaki.aomori.jp/akiyabank-8/hirosaki/akiya.html,Aomori,Hirosaki,三岳町13-4,4000000,Residential / sale,144.66,240.10,,
hirosaki_area_bank,https://www.city.hirosaki.aomori.jp/akiyabank-8/hirosaki/akiya.html,Aomori,Hirosaki,御幸町14-7☆,9800000,Residential / sale,72.29,270.65,,
hirosaki_area_bank,https://www.city.hirosaki.aomori.jp/akiyabank-8/hirosaki/akiya.html,Aomori,Hirosaki,撫牛子3-7-4☆,4000000,Residential / sale,80.32,151.39,,
hirosaki_area_bank,https://www.city.hirosaki.aomori.jp/akiyabank-8/hirosaki/akiya.html,Aomori,Hirosaki,石渡,5000000,Residential / sale,86.94,275.63,,
hirosaki_area_bank,https://www.city.hirosaki.aomori.jp/akiyabank-8/hirosaki/akiya.html,Aomori,Hirosaki,南富田町,5000000,Residential / sale,115.09,165.62,,
hirosaki_area_bank,https://www.city.hirosaki.aomori.jp/akiyabank-8/hirosaki/akiya.html,Aomori,Hirosaki,南城西,8000000,Residential / sale,162.79,200,,
hirosaki_area_bank,https://www.city.hirosaki.aomori.jp/akiyabank-8/hirosaki/akiya.html,Aomori,Hirosaki,津賀野字岡本101-2☆,3600000,Residential / sale,91.08,,,
hirosaki_area_bank,https://www.city.hirosaki.aomori.jp/akiyabank-8/hirosaki/akiya.html,Aomori,Hirosaki,青山,22800000,Residential / sale,183.83,333.89,,
hirosaki_area_bank,https://www.city.hirosaki.aomori.jp/akiyabank-8/hirosaki/akiya.html,Aomori,Hirosaki,城西1-5-4☆,8760000,Residential / sale,169.09,231.75,,
hirosaki_area_bank,https://www.city.hirosaki.aomori.jp/akiyabank-8/hirosaki/akiya.html,Aomori,Hirosaki,大富町6-15☆,1400000,Residential / sale,33.05,117.66,,
hirosaki_area_bank,https://www.city.hirosaki.aomori.jp/akiyabank-8/hirosaki/akiya.html,Aomori,Hirosaki,和徳町365-3、365-4、365-5、365-6☆,4500000,Residential / sale,90.99,137.26,,
hirosaki_area_bank,https://www.city.hirosaki.aomori.jp/akiyabank-8/hirosaki/akiya.html,Aomori,Hirosaki,高屋字本宮509-3、509-15☆,8000000,Residential / sale,151.23,603.22,,
hirosaki_area_bank,https://www.city.hirosaki.aomori.jp/akiyabank-8/hirosaki/akiya.html,Aomori,Hirosaki,南城西2-6-2☆,9500000,Residential / sale,187.01,198.99,,
hirosaki_area_bank,https://www.city.hirosaki.aomori.jp/akiyabank-8/hirosaki/akiya.html,Aomori,Hirosaki,桔梗野3-2-10☆,3000000,Residential / sale,33.05,88.35,,
hirosaki_area_bank,https://www.city.hirosaki.aomori.jp/akiyabank-8/hirosaki/akiya.html,Aomori,Hirosaki,常盤野,500000,Residential / sale,62.09,1679.0,,
hirosaki_area_bank,https://www.city.hirosaki.aomori.jp/akiyabank-8/hirosaki/akiya.html,Aomori,Hirosaki,高杉字阿部野290-1、293-6☆,1500000,Residential / sale,143.25,905.47,,
hirosaki_area_bank,https://www.city.hirosaki.aomori.jp/akiyabank-8/hirosaki/akiya.html,Aomori,Hirosaki,松原東,8000000,Residential / sale,69.30,267.76,,
hirosaki_area_bank,https://www.city.hirosaki.aomori.jp/akiyabank-8/hirosaki/akiya.html,Aomori,Hirosaki,栄町,12800000,Residential / sale,130.83,250.54,,
hirosaki_area_bank,https://www.city.hirosaki.aomori.jp/akiyabank-8/hirosaki/akiya.html,Aomori,Hirosaki,撫牛子5-2-7☆,9000000,Residential / sale,157.68,460.82,,
hirosaki_area_bank,https://www.city.hirosaki.aomori.jp/akiyabank-8/hirosaki/akiya.html,Aomori,Hirosaki,品川町129-1☆,10000000,Residential / sale,162.53,357.6,,
hirosaki_area_bank,https://www.city.hirosaki.aomori.jp/akiyabank-8/hirosaki/akiya.html,Aomori,Hirosaki,城西5-2-1☆,7840000,Residential / sale,108.49,215.88,,
hirosaki_area_bank,https://www.city.hirosaki.aomori.jp/akiyabank-8/hirosaki/akiya.html,Aomori,Hirosaki,大富町11-6☆,8000000,Residential / sale,160.04,175.13,,
hirosaki_area_bank,https://www.city.hirosaki.aomori.jp/akiyabank-8/hirosaki/akiya.html,Aomori,Hirosaki,城東北3-4-5☆,9800000,Residential / sale,162.92,197.0,,
hirosaki_area_bank,https://www.city.hirosaki.aomori.jp/akiyabank-8/hirosaki/akiya.html,Aomori,Hirosaki,広野1-1-7☆,6400000,Residential / sale,77.83,403.92,,
hirosaki_area_bank,https://www.city.hirosaki.aomori.jp/akiyabank-8/hirosaki/akiya.html,Aomori,Hirosaki,新寺町92-11、92-12、108-50、108-152,10000000,Residential / sale,56.31,289,,
hirosaki_area_bank,https://www.city.hirosaki.aomori.jp/akiyabank-8/hirosaki/akiya.html,Aomori,Hirosaki,新町5、3-1、1-1☆,10000000,Residential / sale,166.3,555.36,,
hirosaki_area_bank,https://www.city.hirosaki.aomori.jp/akiyabank-8/hirosaki/akiya.html,Aomori,Hirosaki,御幸町3-9☆,16000000,Residential / sale,164.59,264.31,,
hirosaki_area_bank,https://www.city.hirosaki.aomori.jp/akiyabank-8/hirosaki/akiya.html,Aomori,Hirosaki,南大町2-7-97☆,13850000,Residential / sale,158.16,254.47,,
hirosaki_area_bank,https://www.city.hirosaki.aomori.jp/akiyabank-8/hirosaki/akiya.html,Aomori,Hirosaki,田町4-9-19☆,3800000,Residential / sale,121.72,113.69,,
hirosaki_area_bank,https://www.city.hirosaki.aomori.jp/akiyabank-8/hirosaki/akiya.html,Aomori,Hirosaki,神田2-6-5☆,8800000,Residential / sale,205.39,164.92,,
hirosaki_area_bank,https://www.city.hirosaki.aomori.jp/akiyabank-8/hirosaki/akiya.html,Aomori,Hirosaki,大清水4-2-10,13500000,Residential / sale,142.62,396.76,,
hirosaki_area_bank,https://www.city.hirosaki.aomori.jp/akiyabank-8/hirosaki/akiya.html,Aomori,Hirosaki,桜ケ丘4-9-5☆,5000000,Residential / sale,68.04,326.41,,
hirosaki_area_bank,https://www.city.hirosaki.aomori.jp/akiyabank-8/hirosaki/akiya.html,Aomori,Hirosaki,田町2-1-22☆,11500000,Residential / sale,143.85,253.60,,
hirosaki_area_bank,https://www.city.hirosaki.aomori.jp/akiyabank-8/hirosaki/akiya.html,Aomori,Hirosaki,桜ケ丘4-8-8☆,5850000,Residential / sale,60.75,256.48,,
hirosaki_area_bank,https://www.city.hirosaki.aomori.jp/akiyabank-8/hirosaki/akiya.html,Aomori,Hirosaki,山崎2-1-7、1-18☆,6300000,Residential / sale,141.02,210.96,,
hirosaki_area_bank,https://www.city.hirosaki.aomori.jp/akiyabank-8/hirosaki/akiya.html,Aomori,Hirosaki,石渡4-3-5☆,5000000,Residential / sale,85.94,165.74,,
hirosaki_area_bank,https://www.city.hirosaki.aomori.jp/akiyabank-8/hirosaki/akiya.html,Aomori,Hirosaki,俵元2-2-9、2-10☆,8000000,Residential / sale,248.79,436.36,,
hirosaki_area_bank,https://www.city.hirosaki.aomori.jp/akiyabank-8/hirosaki/akiya.html,Aomori,Hirosaki,桔梗野2-20-10,11000000,Residential / sale,131.59,185.61,,
hirosaki_area_bank,https://www.city.hirosaki.aomori.jp/akiyabank-8/hirosaki/akiya.html,Aomori,Hirosaki,城東中央,21000000,Residential / sale,272.05,302.39,,
hirosaki_area_bank,https://www.city.hirosaki.aomori.jp/akiyabank-8/hirosaki/akiya.html,Aomori,Hirosaki,富士見町,19300000,Residential / sale,107.64,404.5,,
hirosaki_area_bank,https://www.city.hirosaki.aomori.jp/akiyabank-8/hirosaki/akiya.html,Aomori,Hirosaki,大開,4500000,Residential / sale,138.72,214.87,,
hirosaki_area_bank,https://www.city.hirosaki.aomori.jp/akiyabank-8/hirosaki/akiya.html,Aomori,Hirosaki,高崎,3500000,Residential / sale,93.01,81.15,,
hirosaki_area_bank,https://www.city.hirosaki.aomori.jp/akiyabank-8/hirosaki/akiya.html,Aomori,Hirosaki,稲田2-11-6☆,6000000,Residential / sale,97.54,123.0,,
hirosaki_area_bank,https://www.city.hirosaki.aomori.jp/akiyabank-8/hirosaki/akiya.html,Aomori,Hirosaki,石渡4-15-10,12500000,Residential / sale,125.86,219.24,,
hirosaki_area_bank,https://www.city.hirosaki.aomori.jp/akiyabank-8/hirosaki/akiya.html,Aomori,Hirosaki,清水3-11-15☆,4900000,Residential / sale,101.54,264.0,,
hirosaki_area_bank,https://www.city.hirosaki.aomori.jp/akiyabank-8/hirosaki/akiya.html,Aomori,Hirosaki,大富町14-16☆,3000000,Residential / sale,93.08,133.99,,
hirosaki_area_bank,https://www.city.hirosaki.aomori.jp/akiyabank-8/hirosaki/akiya.html,Aomori,Hirosaki,野田,6000000,Residential / sale,73.93,178.51,,
hirosaki_area_bank,https://www.city.hirosaki.aomori.jp/akiyabank-8/hirosaki/akiya.html,Aomori,Hirosaki,城南5-10-17☆,5100000,Residential / sale,70.59,241.32,,
hirosaki_area_bank,https://www.city.hirosaki.aomori.jp/akiyabank-8/hirosaki/akiya.html,Aomori,Hirosaki,大沢字下村元96-3、97-1☆,7000000,Residential / sale,135.51,1484.1,,
hirosaki_area_bank,https://www.city.hirosaki.aomori.jp/akiyabank-8/hirosaki/akiya.html,Aomori,Hirosaki,稲田,12800000,Residential / sale,132.5,184,,
hirosaki_area_bank,https://www.city.hirosaki.aomori.jp/akiyabank-8/hirosaki/akiya.html,Aomori,Hirosaki,蔵主町8-5☆,6000000,Residential / sale,76.55,106.41,,
hirosaki_area_bank,https://www.city.hirosaki.aomori.jp/akiyabank-8/hirosaki/akiya.html,Aomori,Hirosaki,馬喰町9-7☆,5000000,Residential / sale,83.43,135.57,,
hirosaki_area_bank,https://www.city.hirosaki.aomori.jp/akiyabank-8/hirosaki/akiya.html,Aomori,Hirosaki,北瓦ケ町10-3☆,16000000,Residential / sale,210.72,190.11,,
hirosaki_area_bank,https://www.city.hirosaki.aomori.jp/akiyabank-8/hirosaki/akiya.html,Aomori,Hirosaki,悪戸字中野1-3☆,3260000,Residential / sale,78.24,269.44,,
hirosaki_area_bank,https://www.city.hirosaki.aomori.jp/akiyabank-8/hirosaki/akiya.html,Aomori,Hirosaki,桔梗野,1000000,Residential / sale,52.05,218.76,,
hirosaki_area_bank,https://www.city.hirosaki.aomori.jp/akiyabank-8/hirosaki/akiya.html,Aomori,Hirosaki,樋の口1-5-20☆,4600000,Residential / sale,67.61,168.01,,
hirosaki_area_bank,https://www.city.hirosaki.aomori.jp/akiyabank-8/hirosaki/akiya.html,Aomori,Hirosaki,稔町12-9☆,11500000,Residential / sale,113.45,361.20,,
hirosaki_area_bank,https://www.city.hirosaki.aomori.jp/akiyabank-8/hirosaki/akiya.html,Aomori,Hirosaki,城南4-13-11、13-30,8000000,Residential / sale,168.5,483.74,,
hirosaki_area_bank,https://www.city.hirosaki.aomori.jp/akiyabank-8/hirosaki/akiya.html,Aomori,Hirosaki,城東,12000000,Residential / sale,139.06,330.59,,
hirosaki_area_bank,https://www.city.hirosaki.aomori.jp/akiyabank-8/hirosaki/akiya.html,Aomori,Hirosaki,和田町1-8☆,3800000,Residential / sale,69.94,165.28,,
hirosaki_area_bank,https://www.city.hirosaki.aomori.jp/akiyabank-8/hirosaki/akiya.html,Aomori,Hirosaki,中野5-8-20☆,5500000,Residential / sale,72.87,282.93,,
hirosaki_area_bank,https://www.city.hirosaki.aomori.jp/akiyabank-8/hirosaki/akiya.html,Aomori,Hirosaki,城東3-4-3,14000000,Residential / sale,82.12,128.49,,
hirosaki_area_bank,https://www.city.hirosaki.aomori.jp/akiyabank-8/hirosaki/akiya.html,Aomori,Hirosaki,東城北1-1-9,10000000,Residential / sale,149.92,506.83,,
hirosaki_area_bank,https://www.city.hirosaki.aomori.jp/akiyabank-8/hirosaki/akiya.html,Aomori,Hirosaki,城南3-11-5☆,6000000,Residential / sale,110.49,199.76,,
hirosaki_area_bank,https://www.city.hirosaki.aomori.jp/akiyabank-8/hirosaki/akiya.html,Aomori,Hirosaki,広野1-6-4☆,12700000,Residential / sale,177.01,426.44,,
hirosaki_area_bank,https://www.city.hirosaki.aomori.jp/akiyabank-8/hirosaki/akiya.html,Aomori,Hirosaki,中畑字和泉65,300000,Residential / sale,232.21,395.06,,
hirosaki_area_bank,https://www.city.hirosaki.aomori.jp/akiyabank-8/hirosaki/akiya.html,Aomori,Hirosaki,一町田字浅井427-1、428-1☆ （農地付き）,7800000,Residential / sale,135.52,2127.88,,
hirosaki_area_bank,https://www.city.hirosaki.aomori.jp/akiyabank-8/hirosaki/akiya.html,Aomori,Hirosaki,清原,7800000,Residential / sale,104.3,198.61,,
hirosaki_area_bank,https://www.city.hirosaki.aomori.jp/akiyabank-8/hirosaki/akiya.html,Aomori,Hirosaki,西大工町17-1☆,2900000,Residential / sale,89.43,75.2,,
hirosaki_area_bank,https://www.city.hirosaki.aomori.jp/akiyabank-8/hirosaki/akiya.html,Aomori,Hirosaki,南富田町9-12 ☆,3000000,Residential / sale,89.28,132.23,,
hirosaki_area_bank,https://www.city.hirosaki.aomori.jp/akiyabank-8/kuroishi/akiya.html,Aomori,Kuroishi,大町2-4,1900000,Residential / sale,99.16,118.05,,
hirosaki_area_bank,https://www.city.hirosaki.aomori.jp/akiyabank-8/kuroishi/akiya.html,Aomori,Kuroishi,昭和町11-2,4800000,Residential / sale,99.37,202.25,,
hirosaki_area_bank,https://www.city.hirosaki.aomori.jp/akiyabank-8/kuroishi/akiya.html,Aomori,Kuroishi,美原町96-5,9800000,Residential / sale,107.64,234.54,,
hirosaki_area_bank,https://www.city.hirosaki.aomori.jp/akiyabank-8/kuroishi/akiya.html,Aomori,Kuroishi,美原町94-5,1000000,Residential / sale,206.14,234.45,,
hirosaki_area_bank,https://www.city.hirosaki.aomori.jp/akiyabank-8/kuroishi/akiya.html,Aomori,Kuroishi,追子野木1-119-1,12800000,Residential / sale,199.77,460.38,,
hirosaki_area_bank,https://www.city.hirosaki.aomori.jp/akiyabank-8/kuroishi/akiya.html,Aomori,Kuroishi,東馬場尻字馬場尻37,3200000,Residential / sale,154.28,693.34,,
hirosaki_area_bank,https://www.city.hirosaki.aomori.jp/akiyabank-8/kuroishi/akiya.html,Aomori,Kuroishi,追子野木1-139-1,2500000,Residential / sale,132.61,205.45,,
hirosaki_area_bank,https://www.city.hirosaki.aomori.jp/akiyabank-8/kuroishi/akiya.html,Aomori,Kuroishi,緑町2-258、259,12800000,Residential / sale,123.65,214.91,,
hirosaki_area_bank,https://www.city.hirosaki.aomori.jp/akiyabank-8/kuroishi/akiya.html,Aomori,Kuroishi,桜木町49,6800000,Residential / sale,131.89,1163.47,,
hirosaki_area_bank,https://www.city.hirosaki.aomori.jp/akiyabank-8/kuroishi/akiya.html,Aomori,Kuroishi,岩木町62,1000000,Residential / sale,149.22,224.97,,
hirosaki_area_bank,https://www.city.hirosaki.aomori.jp/akiyabank-8/kuroishi/akiya.html,Aomori,Kuroishi,ぐみの木1-186,1480000,Residential / sale,140.08,256.28,,
hirosaki_area_bank,https://www.city.hirosaki.aomori.jp/akiyabank-8/kuroishi/akiya.html,Aomori,Kuroishi,西馬場尻村元26-1、26-2、22-1☆,3000000,Residential / sale,166.54,1638.81,,
hirosaki_area_bank,https://www.city.hirosaki.aomori.jp/akiyabank-8/kuroishi/akiya.html,Aomori,Kuroishi,ちとせ,6200000,Residential / sale,59.49,277.64,,
hirosaki_area_bank,https://www.city.hirosaki.aomori.jp/akiyabank-8/kuroishi/akiya.html,Aomori,Kuroishi,緑町3-45、47-2,12500000,Residential / sale,143.16,226.71,,
hirosaki_area_bank,https://www.city.hirosaki.aomori.jp/akiyabank-8/kuroishi/akiya.html,Aomori,Kuroishi,錦町33-3,4800000,Residential / sale,103.14,165.54,,
hirosaki_area_bank,https://www.city.hirosaki.aomori.jp/akiyabank-8/kuroishi/akiya.html,Aomori,Kuroishi,ちとせ,5300000,Residential / sale,152.85,308.72,,
hirosaki_area_bank,https://www.city.hirosaki.aomori.jp/akiyabank-8/kuroishi/akiya.html,Aomori,Kuroishi,泉町66☆,4900000,Residential / sale,125.91,334.51,,
hirosaki_area_bank,https://www.city.hirosaki.aomori.jp/akiyabank-8/kuroishi/akiya.html,Aomori,Kuroishi,小屋敷,2900000,Residential / sale,132.84,453.42,,
hirosaki_area_bank,https://www.city.hirosaki.aomori.jp/akiyabank-8/kuroishi/akiya.html,Aomori,Kuroishi,髙賀野字髙田116-1,1000000,Residential / sale,133.88,737.34,,
hirosaki_area_bank,https://www.city.hirosaki.aomori.jp/akiyabank-8/kuroishi/akiya.html,Aomori,Kuroishi,浅瀬石字清川230-1,2500000,Residential / sale,48.86,290.63,,
hirosaki_area_bank,https://www.city.hirosaki.aomori.jp/akiyabank-8/kuroishi/akiya.html,Aomori,Kuroishi,美原町,3980000,Residential / sale,120.63,173.09,,
hirosaki_area_bank,https://www.city.hirosaki.aomori.jp/akiyabank-8/kuroishi/akiya.html,Aomori,Kuroishi,上目内澤字相野々堰東5-1,8400000,Residential / sale,193.81,694.98,,
hirosaki_area_bank,https://www.city.hirosaki.aomori.jp/akiyabank-8/kuroishi/akiya.html,Aomori,Kuroishi,昭和町,5000000,Residential / sale,151.93,321.67,,
hirosaki_area_bank,https://www.city.hirosaki.aomori.jp/akiyabank-8/kuroishi/akiya.html,Aomori,Kuroishi,吉乃町28、135-2☆,7600000,Residential / sale,54.65,503.59,,
hirosaki_area_bank,https://www.city.hirosaki.aomori.jp/akiyabank-8/kuroishi/akiya.html,Aomori,Kuroishi,下山形字下目内4-1,15000000,Residential / sale,354.32,2883.2,,
hirosaki_area_bank,https://www.city.hirosaki.aomori.jp/akiyabank-8/kuroishi/akiya.html,Aomori,Kuroishi,緑町,2200000,Residential / sale,106.11,159.57,,
hirosaki_area_bank,https://www.city.hirosaki.aomori.jp/akiyabank-8/kuroishi/akiya.html,Aomori,Kuroishi,吉乃町,4000000,Residential / sale,106.47,255.3,,
hirosaki_area_bank,https://www.city.hirosaki.aomori.jp/akiyabank-8/kuroishi/akiya.html,Aomori,Kuroishi,追子野木,1200000,Residential / sale,115.10,782.84,,
hirosaki_area_bank,https://www.city.hirosaki.aomori.jp/akiyabank-8/kuroishi/akiya.html,Aomori,Kuroishi,追子野木,4600000,Residential / sale,215.69,590.53,,
hirosaki_area_bank,https://www.city.hirosaki.aomori.jp/akiyabank-8/hirakawa/akiya.html,Aomori,Hirakawa,高木原富50-2,3300000,Residential / sale,240.06,174.44,,
hirosaki_area_bank,https://www.city.hirosaki.aomori.jp/akiyabank-8/hirakawa/akiya.html,Aomori,Hirakawa,柏木町東田137-2、137-3、137-4、172-4,200000,Residential / sale,138.7,240.73,,
hirosaki_area_bank,https://www.city.hirosaki.aomori.jp/akiyabank-8/hirakawa/akiya.html,Aomori,Hirakawa,沖館宮崎,1500000,Residential / sale,187.59,1781.7,,
hirosaki_area_bank,https://www.city.hirosaki.aomori.jp/akiyabank-8/hirakawa/akiya.html,Aomori,Hirakawa,高木原富231-1,17980000,Residential / sale,195.42,772.02,,
hirosaki_area_bank,https://www.city.hirosaki.aomori.jp/akiyabank-8/hirakawa/akiya.html,Aomori,Hirakawa,碇ヶ関109-3,5000000,Residential / sale,110.95,573.34,,
hirosaki_area_bank,https://www.city.hirosaki.aomori.jp/akiyabank-8/hirakawa/akiya.html,Aomori,Hirakawa,李平下安原72-4,3000000,Residential / sale,169.56,1387.01,,
hirosaki_area_bank,https://www.city.hirosaki.aomori.jp/akiyabank-8/hirakawa/akiya.html,Aomori,Hirakawa,切明坂本47-1,8800000,Residential / sale,279.45,1645.78,,
hirosaki_area_bank,https://www.city.hirosaki.aomori.jp/akiyabank-8/hirakawa/akiya.html,Aomori,Hirakawa,中佐渡,1800000,Residential / sale,538.85,233.78,,
hirosaki_area_bank,https://www.city.hirosaki.aomori.jp/akiyabank-8/hirakawa/akiya.html,Aomori,Hirakawa,日沼一本柳33,1000000,Residential / sale,229.03,615.75,,
hirosaki_area_bank,https://www.city.hirosaki.aomori.jp/akiyabank-8/hirakawa/akiya.html,Aomori,Hirakawa,尾上,4800000,Residential / sale,77.51,1741,,
hirosaki_area_bank,https://www.city.hirosaki.aomori.jp/akiyabank-8/hirakawa/akiya.html,Aomori,Hirakawa,猿賀南田,15800000,Residential / sale,144.0,242.92,,
hirosaki_area_bank,https://www.city.hirosaki.aomori.jp/akiyabank-8/hirakawa/akiya.html,Aomori,Hirakawa,切明誉田邸,1520000,Residential / sale,52.96,198.0,,
hirosaki_area_bank,https://www.city.hirosaki.aomori.jp/akiyabank-8/hirakawa/akiya.html,Aomori,Hirakawa,碇ケ関湯向川添40-2、41-4、42-2,1000000,Residential / sale,116.29,250.81,,
hirosaki_area_bank,https://www.city.hirosaki.aomori.jp/akiyabank-8/hirakawa/akiya.html,Aomori,Hirakawa,新屋栄館156-1,3000000,Residential / sale,149.61,950.32,,
hirosaki_area_bank,https://www.city.hirosaki.aomori.jp/akiyabank-8/hirakawa/akiya.html,Aomori,Hirakawa,唐竹,2800000,Residential / sale,89.43,331.33,,
hirosaki_area_bank,https://www.city.hirosaki.aomori.jp/akiyabank-8/hirakawa/akiya.html,Aomori,Hirakawa,碇ヶ関久吉,500000,Residential / sale,96.58,461.92,,
hirosaki_area_bank,https://www.city.hirosaki.aomori.jp/akiyabank-8/hirakawa/akiya.html,Aomori,Hirakawa,原田稲元,700000,Residential / sale,160.91,660.88,,
hirosaki_area_bank,https://www.city.hirosaki.aomori.jp/akiyabank-8/hirakawa/akiya.html,Aomori,Hirakawa,尾崎木戸口,4000000,Residential / sale,152.07,920.31,,
hirosaki_area_bank,https://www.city.hirosaki.aomori.jp/akiyabank-8/hirakawa/akiya.html,Aomori,Hirakawa,李平上安原,600000,Residential / sale,106.59,598.4,,
hirosaki_area_bank,https://www.city.hirosaki.aomori.jp/akiyabank-8/hirakawa/akiya.html,Aomori,Hirakawa,金屋上松元,5800000,Residential / sale,188.02,979.68,,
hirosaki_area_bank,https://www.city.hirosaki.aomori.jp/akiyabank-8/hirakawa/akiya.html,Aomori,Hirakawa,唐竹,5000000,Residential / sale,340.96,1152.84,,
hirosaki_area_bank,https://www.city.hirosaki.aomori.jp/akiyabank-8/hirakawa/akiya.html,Aomori,Hirakawa,碇ヶ関,5500000,Residential / sale,158.44,557.84,,
hirosaki_area_bank,https://www.city.hirosaki.aomori.jp/akiyabank-8/fujisaki/akiya.html,Aomori,Fujisaki,常盤字一西田14-24、14-25☆,3000000,Residential / sale,69.42,241.25,,
hirosaki_area_bank,https://www.city.hirosaki.aomori.jp/akiyabank-8/fujisaki/akiya.html,Aomori,Fujisaki,藤崎字村井36-6☆,15000000,Residential / sale,145.19,495.87,,
hirosaki_area_bank,https://www.city.hirosaki.aomori.jp/akiyabank-8/fujisaki/akiya.html,Aomori,Fujisaki,富柳字福岡307-2,4500000,Residential / sale,11.23,795.71,,
hirosaki_area_bank,https://www.city.hirosaki.aomori.jp/akiyabank-8/fujisaki/akiya.html,Aomori,Fujisaki,榊字種元26-10☆,2600000,Residential / sale,118.99,165.02,,
hirosaki_area_bank,https://www.city.hirosaki.aomori.jp/akiyabank-8/fujisaki/akiya.html,Aomori,Fujisaki,藤崎字村井5-1、5-5,22000000,Residential / sale,284.03,1239.22,,
hirosaki_area_bank,https://www.city.hirosaki.aomori.jp/akiyabank-8/fujisaki/akiya.html,Aomori,Fujisaki,水木,3500000,Residential / sale,215.83,1677.6,,
hirosaki_area_bank,https://www.city.hirosaki.aomori.jp/akiyabank-8/fujisaki/akiya.html,Aomori,Fujisaki,藤崎字中村井9-6,6500000,Residential / sale,152.03,244.53,,
hirosaki_area_bank,https://www.city.hirosaki.aomori.jp/akiyabank-8/fujisaki/akiya.html,Aomori,Fujisaki,柏木堰,200000,Residential / sale,142.96,863.48,,
hirosaki_area_bank,https://www.city.hirosaki.aomori.jp/akiyabank-8/fujisaki/akiya.html,Aomori,Fujisaki,藤崎字武元59-4,7640000,Residential / sale,291.69,548.45,,
hirosaki_area_bank,https://www.city.hirosaki.aomori.jp/akiyabank-8/fujisaki/akiya.html,Aomori,Fujisaki,西豊田,25000000,Residential / sale,251.94,336.65,,
hirosaki_area_bank,https://www.city.hirosaki.aomori.jp/akiyabank-8/fujisaki/akiya.html,Aomori,Fujisaki,中野目,500000,Residential / sale,135.53,393.13,,
hirosaki_area_bank,https://www.city.hirosaki.aomori.jp/akiyabank-8/itayanagi/akiya.html,Aomori,Itayanagi,横沢字西岡部62-1、46-4,1500000,Residential / sale,148.76,1062.53,,
hirosaki_area_bank,https://www.city.hirosaki.aomori.jp/akiyabank-8/itayanagi/akiya.html,Aomori,Itayanagi,三千石,5000000,Residential / sale,59.0,1539.15,,
hirosaki_area_bank,https://www.city.hirosaki.aomori.jp/akiyabank-8/itayanagi/akiya.html,Aomori,Itayanagi,三千石,1000000,Residential / sale,135.23,363.39,,
hirosaki_area_bank,https://www.city.hirosaki.aomori.jp/akiyabank-8/itayanagi/akiya.html,Aomori,Itayanagi,福野田,2000000,Residential / sale,112.61,192.42,,
hirosaki_area_bank,https://www.city.hirosaki.aomori.jp/akiyabank-8/itayanagi/akiya.html,Aomori,Itayanagi,横沢字西里見76-1,2000000,Residential / sale,80.99,1520.12,,
hirosaki_area_bank,https://www.city.hirosaki.aomori.jp/akiyabank-8/itayanagi/akiya.html,Aomori,Itayanagi,福野田字本泉40-86,15000000,Residential / sale,77.42,176.85,,
hirosaki_area_bank,https://www.city.hirosaki.aomori.jp/akiyabank-8/itayanagi/akiya.html,Aomori,Itayanagi,福野田,1800000,Residential / sale,74.01,176.68,,
hirosaki_area_bank,https://www.city.hirosaki.aomori.jp/akiyabank-8/itayanagi/akiya.html,Aomori,Itayanagi,福野田,2700000,Residential / sale,98.34,245.20,,
hirosaki_area_bank,https://www.city.hirosaki.aomori.jp/akiyabank-8/itayanagi/akiya.html,Aomori,Itayanagi,滝井,750000,Residential / sale,181.41,514.00,,
hirosaki_area_bank,https://www.city.hirosaki.aomori.jp/akiyabank-8/itayanagi/akiya.html,Aomori,Itayanagi,大俵,3000000,Residential / sale,136.63,251.32,,
hirosaki_area_bank,https://www.city.hirosaki.aomori.jp/akiyabank-8/itayanagi/akiya.html,Aomori,Itayanagi,福野田,5600000,Residential / sale,193.41,348.46,,
hirosaki_area_bank,https://www.city.hirosaki.aomori.jp/akiyabank-8/itayanagi/akiya.html,Aomori,Itayanagi,福野田字実田4-22,20000000,Residential / sale,172.80,1294.27,,
hirosaki_area_bank,https://www.city.hirosaki.aomori.jp/akiyabank-8/itayanagi/akiya.html,Aomori,Itayanagi,灰沼字岩井39、40,8000000,Residential / sale,232.69,1182.51,,
hirosaki_area_bank,https://www.city.hirosaki.aomori.jp/akiyabank-8/itayanagi/akiya.html,Aomori,Itayanagi,五林平,2900000,Residential / sale,191.24,1432,,
hirosaki_area_bank,https://www.city.hirosaki.aomori.jp/akiyabank-8/oowani/akiya.html,Aomori,Owanii,大鰐字前田62-6,5200000,Residential / sale,94.72,59.25,,
hirosaki_area_bank,https://www.city.hirosaki.aomori.jp/akiyabank-8/oowani/akiya.html,Aomori,Owanii,虹貝字清川113-269☆,4000000,Residential / sale,218.17,562.43,,
hirosaki_area_bank,https://www.city.hirosaki.aomori.jp/akiyabank-8/oowani/akiya.html,Aomori,Owanii,虹貝字中熊沢98-2、98-3,1000000,Residential / sale,194.03,421.10,,
hirosaki_area_bank,https://www.city.hirosaki.aomori.jp/akiyabank-8/oowani/akiya.html,Aomori,Owanii,長峰,800000,Residential / sale,131.74,399.06,,
hirosaki_area_bank,https://www.city.hirosaki.aomori.jp/akiyabank-8/oowani/akiya.html,Aomori,Owanii,苦木字野尻7☆,360000,Residential / sale,83.46,319.39,,
hirosaki_area_bank,https://www.city.hirosaki.aomori.jp/akiyabank-8/oowani/akiya.html,Aomori,Owanii,蔵館字山下6-3,6000000,Residential / sale,171.93,590.5,,
hirosaki_area_bank,https://www.city.hirosaki.aomori.jp/akiyabank-8/oowani/akiya.html,Aomori,Owanii,蔵館,1200000,Residential / sale,192.19,113.39,,
hirosaki_area_bank,https://www.city.hirosaki.aomori.jp/akiyabank-8/oowani/akiya.html,Aomori,Owanii,三ツ目内字福清水92-1,1500000,Residential / sale,69.56,412.21,,
hirosaki_area_bank,https://www.city.hirosaki.aomori.jp/akiyabank-8/oowani/akiya.html,Aomori,Owanii,大鰐字大鰐190-2☆,10000000,Residential / sale,237.25,179.94,,
hirosaki_area_bank,https://www.city.hirosaki.aomori.jp/akiyabank-8/oowani/akiya.html,Aomori,Owanii,大鰐字南無阿弥沢42,1500000,Residential / sale,128.29,131.57,,
hirosaki_area_bank,https://www.city.hirosaki.aomori.jp/akiyabank-8/oowani/akiya.html,Aomori,Owanii,大鰐字湯野川原,4500000,Residential / sale,312.15,320.77,,
hirosaki_area_bank,https://www.city.hirosaki.aomori.jp/akiyabank-8/oowani/akiya.html,Aomori,Owanii,大鰐,2500000,Residential / sale,126.76,124.2,,
hirosaki_area_bank,https://www.city.hirosaki.aomori.jp/akiyabank-8/oowani/akiya.html,Aomori,Owanii,三ツ目,8500000,Residential / sale,181.78,410.27,,
hirosaki_area_bank,https://www.city.hirosaki.aomori.jp/akiyabank-8/oowani/akiya.html,Aomori,Owanii,虹貝字篠塚39-12、41-4,2400000,Residential / sale,98.82,26,,
hirosaki_area_bank,https://www.city.hirosaki.aomori.jp/akiyabank-8/oowani/akiya.html,Aomori,Owanii,虹貝,200000,Residential / sale,170.79,1446.85,,
hirosaki_area_bank,https://www.city.hirosaki.aomori.jp/akiyabank-8/oowani/akiya.html,Aomori,Owanii,長峰,4000000,Residential / sale,214.67,1105.42,,
hirosaki_area_bank,https://www.city.hirosaki.aomori.jp/akiyabank-8/oowani/akiya.html,Aomori,Owanii,大鰐字下牡丹森5-1,1500000,Residential / sale,211.93,316.61,,
hirosaki_area_bank,https://www.city.hirosaki.aomori.jp/akiyabank-8/oowani/akiya.html,Aomori,Owanii,虹貝,5000000,Residential / sale,141.11,268.90,,
hirosaki_area_bank,https://www.city.hirosaki.aomori.jp/akiyabank-8/oowani/akiya.html,Aomori,Owanii,大鰐字大鰐24-1,2500000,Residential / sale,168.72,437.12,,
hirosaki_area_bank,https://www.city.hirosaki.aomori.jp/akiyabank-8/oowani/akiya.html,Aomori,Owanii,駒木,2000000,Residential / sale,138.83,833.00,,
hirosaki_area_bank,https://www.city.hirosaki.aomori.jp/akiyabank-8/oowani/akiya.html,Aomori,Owanii,虹貝字清川128-13,4950000,Residential / sale,122.94,233.37,,
hirosaki_area_bank,https://www.city.hirosaki.aomori.jp/akiyabank-8/oowani/akiya.html,Aomori,Owanii,長峰,1000000,Residential / sale,94.53,545.19,,
hirosaki_area_bank,https://www.city.hirosaki.aomori.jp/akiyabank-8/oowani/akiya.html,Aomori,Owanii,蔵館,2650000,Residential / sale,130.64,184.45,,
hirosaki_area_bank,https://www.city.hirosaki.aomori.jp/akiyabank-8/oowani/akiya.html,Aomori,Owanii,蔵館字山下36-11,6000000,Residential / sale,119.24,186.66,,
hirosaki_area_bank,https://www.city.hirosaki.aomori.jp/akiyabank-8/oowani/akiya.html,Aomori,Owanii,虹貝字清川128-2、126-13、128-14,3000000,Residential / sale,107.62,391.73,,
hirosaki_area_bank,https://www.city.hirosaki.aomori.jp/akiyabank-8/oowani/akiya.html,Aomori,Owanii,大鰐字前田33-4、33-12,8400000,Residential / sale,276.47,533.57,,
hirosaki_area_bank,https://www.city.hirosaki.aomori.jp/akiyabank-8/oowani/akiya.html,Aomori,Owanii,長峰字下川原9-49☆,3980000,Residential / sale,150.01,454.23,,
hirosaki_area_bank,https://www.city.hirosaki.aomori.jp/akiyabank-8/oowani/akiya.html,Aomori,Owanii,大鰐,1500000,Residential / sale,139.59,153.34,,
hirosaki_area_bank,https://www.city.hirosaki.aomori.jp/akiyabank-8/oowani/akiya.html,Aomori,Owanii,大鰐,1300000,Residential / sale,127.65,232.35,,
hirosaki_area_bank,https://www.city.hirosaki.aomori.jp/akiyabank-8/oowani/akiya.html,Aomori,Owanii,長峰字下川原9-58,1480000,Residential / sale,132.49,307.40,,
hirosaki_area_bank,https://www.city.hirosaki.aomori.jp/akiyabank-8/inakadate/akiya.html,Aomori,Inakadate,高樋,3000000,Residential / sale,177.60,449.10,,
hirosaki_area_bank,https://www.city.hirosaki.aomori.jp/akiyabank-8/inakadate/akiya.html,Aomori,Inakadate,諏訪堂字川口78-1,8000000,Residential / sale,561.7,5470.96,,
hirosaki_area_bank,https://www.city.hirosaki.aomori.jp/akiyabank-8/inakadate/akiya.html,Aomori,Inakadate,前田屋敷字南佃37-2☆,6000000,Residential / sale,218.96,489.81,,
hirosaki_area_bank,https://www.city.hirosaki.aomori.jp/akiyabank-8/inakadate/akiya.html,Aomori,Inakadate,畑中字上野31-2、31-3☆,4200000,Residential / sale,69.56,345.40,,
hirosaki_area_bank,https://www.city.hirosaki.aomori.jp/akiyabank-8/inakadate/akiya.html,Aomori,Inakadate,川部字中西田30-23☆,5000000,Residential / sale,99.6,337.11,,
hirosaki_area_bank,https://www.city.hirosaki.aomori.jp/akiyabank-8/inakadate/akiya.html,Aomori,Inakadate,諏訪堂字村元13☆,3300000,Residential / sale,161.41,364.73,,
hirosaki_area_bank,https://www.city.hirosaki.aomori.jp/akiyabank-8/inakadate/akiya.html,Aomori,Inakadate,畑中,4000000,Residential / sale,257.01,218.22,,
hirosaki_area_bank,https://www.city.hirosaki.aomori.jp/akiyabank-8/inakadate/akiya.html,Aomori,Inakadate,前田屋敷,3500000,Residential / sale,161.30,1371.51,,
hirosaki_area_bank,https://www.city.hirosaki.aomori.jp/akiyabank-8/inakadate/akiya.html,Aomori,Inakadate,川部字村元88-1、89☆,5000000,Residential / sale,138.27,904.7,,
hirosaki_area_bank,https://www.city.hirosaki.aomori.jp/akiyabank-8/inakadate/akiya.html,Aomori,Inakadate,大袋,4830000,Residential / sale,120.86,456,,
hirosaki_area_bank,https://www.city.hirosaki.aomori.jp/akiyabank-8/inakadate/akiya.html,Aomori,Inakadate,大袋字一本柳151-3☆,5920000,Residential / sale,44.71,558.46,,
hirosaki_area_bank,https://www.city.hirosaki.aomori.jp/akiyabank-8/inakadate/akiya.html,Aomori,Inakadate,畑中,3500000,Residential / sale,,522.35,,
hirosaki_area_bank,https://www.city.hirosaki.aomori.jp/akiyabank-8/inakadate/akiya.html,Aomori,Inakadate,川部,5000000,Residential / sale,89.43,264.35,,
hirosaki_area_bank,https://www.city.hirosaki.aomori.jp/akiyabank-8/inakadate/akiya.html,Aomori,Inakadate,畑中,4000000,Residential / sale,91.99,128.68,,
hirosaki_area_bank,https://www.city.hirosaki.aomori.jp/akiyabank-8/inakadate/akiya.html,Aomori,Inakadate,川部,8500000,Residential / sale,80.00,756.39,,
hirosaki_area_bank,https://www.city.hirosaki.aomori.jp/akiyabank-8/inakadate/akiya.html,Aomori,Inakadate,田舎舘,5000000,Residential / sale,176.37,3043.53,,
hirosaki_area_bank,https://www.city.hirosaki.aomori.jp/akiyabank-8/nishimeya/akiya.html,Aomori,Nishimeya,田代,4600000,Residential / sale,100.19,660.71,,
hirosaki_area_bank,https://www.city.hirosaki.aomori.jp/akiyabank-8/nishimeya/akiya.html,Aomori,Nishimeya,田代,200000,Residential / sale,67.76,424.71,,
hirosaki_area_bank,https://www.city.hirosaki.aomori.jp/akiyabank-8/nishimeya/akiya.html,Aomori,Nishimeya,大秋,1000000,Residential / sale,267.19,679.12,,
hirosaki_area_bank,https://www.city.hirosaki.aomori.jp/akiyabank-8/nishimeya/akiya.html,Aomori,Nishimeya,田代,10000000,Residential / sale,136.06,331.00,,
