listing_id,source_id,prefecture,municipality,property_type,asking_price_jpy,building_sqm,land_sqm,features,source_url,source_updated_at,retrieved_at
121,tendo_bank,Yamagata,Tendo,Residential / for sale,9800000,,227.03,Property No. 121; 北久野本三丁目,https://www.city.tendo.yamagata.jp/lifeinfo/sumai/akiyabanku_tourokuakiya.html,,2026-10-07T01:45:40.093117+00:00
120,tendo_bank,Yamagata,Tendo,Residential / for sale,8000000,,546.19,Property No. 120; 大字蔵増,https://www.city.tendo.yamagata.jp/lifeinfo/sumai/akiyabanku_tourokuakiya.html,,2026-10-07T01:45:40.093117+00:00
119,tendo_bank,Yamagata,Tendo,Residential / for sale,8000000,,689.09,Property No. 119; 大字寺津,https://www.city.tendo.yamagata.jp/lifeinfo/sumai/akiyabanku_tourokuakiya.html,,2026-10-07T01:45:40.093117+00:00
118,tendo_bank,Yamagata,Tendo,Residential / for sale,1500000,,480.36,Property No. 118; 大字川原子,https://www.city.tendo.yamagata.jp/lifeinfo/sumai/akiyabanku_tourokuakiya.html,,2026-10-07T01:45:40.093117+00:00
117,tendo_bank,Yamagata,Tendo,Residential / for sale,2900000,,1220.00,Property No. 117; 大字道満,https://www.city.tendo.yamagata.jp/lifeinfo/sumai/akiyabanku_tourokuakiya.html,,2026-10-07T01:45:40.093117+00:00
116,tendo_bank,Yamagata,Tendo,Residential / for sale,9000000,,1733.99,Property No. 116; 大字高擶,https://www.city.tendo.yamagata.jp/lifeinfo/sumai/akiyabanku_tourokuakiya.html,,2026-10-07T01:45:40.093117+00:00
115,tendo_bank,Yamagata,Tendo,Residential / for sale,8900000,,179.07,Property No. 115; 東久野本三丁目,https://www.city.tendo.yamagata.jp/lifeinfo/sumai/akiyabanku_tourokuakiya.html,,2026-10-07T01:45:40.093117+00:00
114,tendo_bank,Yamagata,Tendo,Residential / for sale,33000000,,373.15,Property No. 114; 駅西一丁目,https://www.city.tendo.yamagata.jp/lifeinfo/sumai/akiyabanku_tourokuakiya.html,,2026-10-07T01:45:40.093117+00:00
112,tendo_bank,Yamagata,Tendo,Residential / for sale,8000000,,224.65,Property No. 112; 大字荒谷,https://www.city.tendo.yamagata.jp/lifeinfo/sumai/akiyabanku_tourokuakiya.html,,2026-10-07T01:45:40.093117+00:00
